2019.03.11,2019,3,11,1,1,,,31,10955,18,/en/players/novak-djokovic/d643/overview,novak-djokovic,d643
2019.03.11,2019,3,11,2,2,,,32,8365,14,/en/players/rafael-nadal/n409/overview,rafael-nadal,n409
2019.03.11,2019,3,11,3,3,,,21,6595,20,/en/players/alexander-zverev/z355/overview,alexander-zverev,z355
2019.03.11,2019,3,11,4,4,,,37,4600,17,/en/players/roger-federer/f324/overview,roger-federer,f324
2019.03.11,2019,3,11,5,5,,,30,4585,16,/en/players/juan-martin-del-potro/d683/overview,juan-martin-del-potro,d683
2019.03.11,2019,3,11,6,6,,,32,4295,18,/en/players/kevin-anderson/a678/overview,kevin-anderson,a678
2019.03.11,2019,3,11,7,7,,,29,4190,23,/en/players/kei-nishikori/n552/overview,kei-nishikori,n552
2019.03.11,2019,3,11,8,8,,,25,3800,24,/en/players/dominic-thiem/tb69/overview,dominic-thiem,tb69
2019.03.11,2019,3,11,9,9,,,33,3405,23,/en/players/john-isner/i186/overview,john-isner,i186
2019.03.11,2019,3,11,10,10,,,20,3175,29,/en/players/stefanos-tsitsipas/te51/overview,stefanos-tsitsipas,te51
2019.03.11,2019,3,11,11,11,,,30,3095,18,/en/players/marin-cilic/c977/overview,marin-cilic,c977
2019.03.11,2019,3,11,12,12,,,22,2695,20,/en/players/borna-coric/cg80/overview,borna-coric,cg80
2019.03.11,2019,3,11,13,13,,,22,2675,24,/en/players/karen-khachanov/ke29/overview,karen-khachanov,ke29
2019.03.11,2019,3,11,14,14,,,28,2275,21,/en/players/milos-raonic/r975/overview,milos-raonic,r975
2019.03.11,2019,3,11,15,15,,,23,2230,27,/en/players/daniil-medvedev/mm58/overview,daniil-medvedev,mm58
2019.03.11,2019,3,11,16,16,,,26,2091,30,/en/players/marco-cecchinato/cf01/overview,marco-cecchinato,cf01
2019.03.11,2019,3,11,17,17,,,31,1885,25,/en/players/fabio-fognini/f510/overview,fabio-fognini,f510
2019.03.11,2019,3,11,18,18,,,27,1865,29,/en/players/nikoloz-basilashvili/bg23/overview,nikoloz-basilashvili,bg23
2019.03.11,2019,3,11,19,19,,,32,1740,22,/en/players/gael-monfils/mc65/overview,gael-monfils,mc65
2019.03.11,2019,3,11,20,20,,,27,1705,20,/en/players/pablo-carreno-busta/cd85/overview,pablo-carreno-busta,cd85
2019.03.11,2019,3,11,21,21,,,28,1650,22,/en/players/david-goffin/gb88/overview,david-goffin,gb88
2019.03.11,2019,3,11,22,22,,,30,1545,23,/en/players/roberto-bautista-agut/bd06/overview,roberto-bautista-agut,bd06
2019.03.11,2019,3,11,23,23,,,24,1520,24,/en/players/kyle-edmund/e831/overview,kyle-edmund,e831
2019.03.11,2019,3,11,24,24,,,20,1508,27,/en/players/alex-de-minaur/dh58/overview,alex-de-minaur,dh58
2019.03.11,2019,3,11,25,25,,,19,1485,27,/en/players/denis-shapovalov/su55/overview,denis-shapovalov,su55
2019.03.11,2019,3,11,26,26,,,26,1485,26,/en/players/diego-schwartzman/sm37/overview,diego-schwartzman,sm37
2019.03.11,2019,3,11,27,27,,,32,1340,21,/en/players/richard-gasquet/g628/overview,richard-gasquet,g628
2019.03.11,2019,3,11,28,28,,,27,1310,18,/en/players/grigor-dimitrov/d875/overview,grigor-dimitrov,d875
2019.03.11,2019,3,11,29,29,,,34,1305,28,/en/players/gilles-simon/sd32/overview,gilles-simon,sd32
2019.03.11,2019,3,11,30,30,,,25,1265,21,/en/players/lucas-pouille/pf39/overview,lucas-pouille,pf39
2019.03.11,2019,3,11,31,31,,,27,1220,29,/en/players/marton-fucsovics/f724/overview,marton-fucsovics,f724
2019.03.11,2019,3,11,32,32,,,23,1211,25,/en/players/laslo-djere/db63/overview,laslo-djere,db63
2019.03.11,2019,3,11,33,33,,,23,1205,23,/en/players/nick-kyrgios/ke17/overview,nick-kyrgios,ke17
2019.03.11,2019,3,11,34,34,,,28,1205,27,/en/players/guido-pella/pc11/overview,guido-pella,pc11
2019.03.11,2019,3,11,35,35,,,21,1200,24,/en/players/frances-tiafoe/td51/overview,frances-tiafoe,td51
2019.03.11,2019,3,11,36,36,,,35,1200,28,/en/players/fernando-verdasco/v306/overview,fernando-verdasco,v306
2019.03.11,2019,3,11,37,37,,,32,1180,26,/en/players/jeremy-chardy/ca12/overview,jeremy-chardy,ca12
2019.03.11,2019,3,11,38,38,,,29,1170,25,/en/players/steve-johnson/j386/overview,steve-johnson,j386
2019.03.11,2019,3,11,39,39,,,35,1160,24,/en/players/philipp-kohlschreiber/k435/overview,philipp-kohlschreiber,k435
2019.03.11,2019,3,11,40,40,,,33,1130,18,/en/players/stan-wawrinka/w367/overview,stan-wawrinka,w367
2019.03.11,2019,3,11,41,41,,,29,1107,28,/en/players/joao-sousa/sh90/overview,joao-sousa,sh90
2019.03.11,2019,3,11,42,42,,,29,1091,23,/en/players/john-millman/mh30/overview,john-millman,mh30
2019.03.11,2019,3,11,43,43,,,31,1075,23,/en/players/mikhail-kukushkin/k926/overview,mikhail-kukushkin,k926
2019.03.11,2019,3,11,44,44,,,27,1039,23,/en/players/pierre-hugues-herbert/h996/overview,pierre-hugues-herbert,h996
2019.03.11,2019,3,11,45,45,,,28,1010,27,/en/players/dusan-lajovic/l987/overview,dusan-lajovic,l987
2019.03.11,2019,3,11,46,46,,,21,970,25,/en/players/taylor-fritz/fb98/overview,taylor-fritz,fb98
2019.03.11,2019,3,11,47,47,,,35,960,26,/en/players/andreas-seppi/sa93/overview,andreas-seppi,sa93
2019.03.11,2019,3,11,48,48,,,23,957,23,/en/players/cameron-norrie/n771/overview,cameron-norrie,n771
2019.03.11,2019,3,11,49,49,,,31,956,27,/en/players/matthew-ebden/e690/overview,matthew-ebden,e690
2019.03.11,2019,3,11,50,50,,,29,941,20,/en/players/martin-klizan/k966/overview,martin-klizan,k966
2019.03.11,2019,3,11,51,51,,,31,925,22,/en/players/sam-querrey/q927/overview,sam-querrey,q927
2019.03.11,2019,3,11,52,52,,,30,920,32,/en/players/adrian-mannarino/me82/overview,adrian-mannarino,me82
2019.03.11,2019,3,11,53,53,,,29,920,32,/en/players/radu-albot/a829/overview,radu-albot,a829
2019.03.11,2019,3,11,54,54,,,26,915,29,/en/players/damir-dzumhur/d923/overview,damir-dzumhur,d923
2019.03.11,2019,3,11,55,55,,,28,910,25,/en/players/jan-lennard-struff/sl28/overview,jan-lennard-struff,sl28
2019.03.11,2019,3,11,56,56,,,31,895,26,/en/players/leonardo-mayer/md56/overview,leonardo-mayer,md56
2019.03.11,2019,3,11,57,57,,,22,895,26,/en/players/matteo-berrettini/bk40/overview,matteo-berrettini,bk40
2019.03.11,2019,3,11,58,58,,,18,872,29,/en/players/felix-auger-aliassime/ag37/overview,felix-auger-aliassime,ag37
2019.03.11,2019,3,11,59,59,,,21,858,19,/en/players/reilly-opelka/o522/overview,reilly-opelka,o522
2019.03.11,2019,3,11,60,60,,,35,847,30,/en/players/malek-jaziri/j267/overview,malek-jaziri,j267
2019.03.11,2019,3,11,61,61,,,21,842,29,/en/players/jaume-munar/mu94/overview,jaume-munar,mu94
2019.03.11,2019,3,11,62,62,,,23,833,26,/en/players/mackenzie-mcdonald/mk66/overview,mackenzie-mcdonald,mk66
2019.03.11,2019,3,11,63,63,,,22,820,22,/en/players/hyeon-chung/ch27/overview,hyeon-chung,ch27
2019.03.11,2019,3,11,64,64,,,25,804,26,/en/players/juan-ignacio-londero/lb84/overview,juan-ignacio-londero,lb84
2019.03.11,2019,3,11,65,65,,,26,803,28,/en/players/denis-kudla/kb09/overview,denis-kudla,kb09
2019.03.11,2019,3,11,66,66,,,20,801,31,/en/players/ugo-humbert/hh26/overview,ugo-humbert,hh26
2019.03.11,2019,3,11,67,67,,,22,798,25,/en/players/hubert-hurkacz/hb71/overview,hubert-hurkacz,hb71
2019.03.11,2019,3,11,68,68,,,31,780,28,/en/players/robin-haase/h756/overview,robin-haase,h756
2019.03.11,2019,3,11,69,69,,,29,770,32,/en/players/benoit-paire/pd31/overview,benoit-paire,pd31
2019.03.11,2019,3,11,70,70,,,29,765,21,/en/players/aljaz-bedene/bh09/overview,aljaz-bedene,bh09
2019.03.11,2019,3,11,71,71,,,26,761,26,/en/players/taro-daniel/da81/overview,taro-daniel,da81
2019.03.11,2019,3,11,72,72,,,22,755,23,/en/players/cristian-garin/gd64/overview,cristian-garin,gd64
2019.03.11,2019,3,11,73,73,,,33,751,24,/en/players/pablo-cuevas/c882/overview,pablo-cuevas,c882
2019.03.11,2019,3,11,74,74,,,23,729,23,/en/players/yoshihito-nishioka/n732/overview,yoshihito-nishioka,n732
2019.03.11,2019,3,11,75,75,,,31,726,26,/en/players/mischa-zverev/z168/overview,mischa-zverev,z168
2019.03.11,2019,3,11,76,76,,,28,713,24,/en/players/marius-copil/ca99/overview,marius-copil,ca99
2019.03.11,2019,3,11,77,77,,,24,703,30,/en/players/jordan-thompson/tc61/overview,jordan-thompson,tc61
2019.03.11,2019,3,11,78,78,,,37,700,19,/en/players/feliciano-lopez/l397/overview,feliciano-lopez,l397
2019.03.11,2019,3,11,79,79,,,30,694,15,/en/players/ernests-gulbis/g858/overview,ernests-gulbis,g858
2019.03.11,2019,3,11,80,80,,,28,691,25,/en/players/federico-delbonis/d874/overview,federico-delbonis,d874
2019.03.11,2019,3,11,81,81,,,33,685,17,/en/players/tomas-berdych/ba47/overview,tomas-berdych,ba47
2019.03.11,2019,3,11,82,82,,,26,679,16,/en/players/bernard-tomic/ta46/overview,bernard-tomic,ta46
2019.03.11,2019,3,11,83,83,,,29,665,26,/en/players/thomas-fabbiano/f586/overview,thomas-fabbiano,f586
2019.03.11,2019,3,11,84,84,,,27,663,24,/en/players/tennys-sandgren/sl08/overview,tennys-sandgren,sl08
2019.03.11,2019,3,11,85,85,,,29,640,25,/en/players/peter-gojowczyk/g967/overview,peter-gojowczyk,g967
2019.03.11,2019,3,11,86,86,,,23,640,22,/en/players/nicolas-jarry/j551/overview,nicolas-jarry,j551
2019.03.11,2019,3,11,87,87,,,25,639,27,/en/players/hugo-dellien/da31/overview,hugo-dellien,da31
2019.03.11,2019,3,11,88,88,,,27,638,29,/en/players/guido-andreozzi/a887/overview,guido-andreozzi,a887
2019.03.11,2019,3,11,89,89,,,40,629,24,/en/players/ivo-karlovic/k336/overview,ivo-karlovic,k336
2019.03.11,2019,3,11,90,90,,,28,627,21,/en/players/bradley-klahn/ka98/overview,bradley-klahn,ka98
2019.03.11,2019,3,11,91,91,,,31,625,29,/en/players/albert-ramos-vinolas/r772/overview,albert-ramos-vinolas,r772
2019.03.11,2019,3,11,92,92,,,22,625,29,/en/players/lloyd-harris/hg86/overview,lloyd-harris,hg86
2019.03.11,2019,3,11,93,93,,,33,623,21,/en/players/pablo-andujar/a596/overview,pablo-andujar,a596
2019.03.11,2019,3,11,94,94,,,20,617,25,/en/players/casper-ruud/rh16/overview,casper-ruud,rh16
2019.03.11,2019,3,11,95,95,,,28,606,22,/en/players/ricardas-berankis/be90/overview,ricardas-berankis,be90
2019.03.11,2019,3,11,96,96,,,25,602,21,/en/players/ilya-ivashka/i305/overview,ilya-ivashka,i305
2019.03.11,2019,3,11,97,97,,,29,601,22,/en/players/prajnesh-gunneswaran/ga94/overview,prajnesh-gunneswaran,ga94
2019.03.11,2019,3,11,98,98,,,25,599,24,/en/players/jiri-vesely/v708/overview,jiri-vesely,v708
2019.03.11,2019,3,11,99,99,,,23,594,28,/en/players/maximilian-marterer/mn13/overview,maximilian-marterer,mn13
2019.03.11,2019,3,11,100,100,,,28,591,18,/en/players/daniel-evans/e687/overview,daniel-evans,e687
2019.03.11,2019,3,11,101,101,,,32,562,26,/en/players/denis-istomin/i165/overview,denis-istomin,i165
2019.03.11,2019,3,11,102,102,,,21,560,25,/en/players/andrey-rublev/re44/overview,andrey-rublev,re44
2019.03.11,2019,3,11,103,103,,,30,553,30,/en/players/pedro-sousa/s483/overview,pedro-sousa,s483
2019.03.11,2019,3,11,104,104,,,26,545,22,/en/players/ryan-harrison/h940/overview,ryan-harrison,h940
2019.03.11,2019,3,11,105,105,,,37,544,34,/en/players/paolo-lorenzi/l503/overview,paolo-lorenzi,l503
2019.03.11,2019,3,11,106,106,,,23,529,28,/en/players/brayden-schnur/sp24/overview,brayden-schnur,sp24
2019.03.11,2019,3,11,107,107,,,23,528,27,/en/players/lorenzo-sonego/su87/overview,lorenzo-sonego,su87
2019.03.11,2019,3,11,108,108,,,32,524,27,/en/players/marcel-granollers/g710/overview,marcel-granollers,g710
2019.03.11,2019,3,11,109,109,,,35,522,28,/en/players/guillermo-garcia-lopez/g476/overview,guillermo-garcia-lopez,g476
2019.03.11,2019,3,11,110,110,,,21,517,21,/en/players/michael-mmoh/mp01/overview,michael-mmoh,mp01
2019.03.11,2019,3,11,111,111,,,25,517,31,/en/players/roberto-carballes-baena/cf59/overview,roberto-carballes-baena,cf59
2019.03.11,2019,3,11,112,112,,,29,517,23,/en/players/marco-trungelliti/ta29/overview,marco-trungelliti,ta29
2019.03.11,2019,3,11,113,113,,,27,515,20,/en/players/filip-krajinovic/kb05/overview,filip-krajinovic,kb05
2019.03.11,2019,3,11,114,114,,,28,512,23,/en/players/vasek-pospisil/pd07/overview,vasek-pospisil,pd07
2019.03.11,2019,3,11,115,115,,,26,510,18,/en/players/jack-sock/sm25/overview,jack-sock,sm25
2019.03.11,2019,3,11,116,116,,,26,507,14,/en/players/jozef-kovalik/kc04/overview,jozef-kovalik,kc04
2019.03.11,2019,3,11,117,117,,,22,496,26,/en/players/elias-ymer/y218/overview,elias-ymer,y218
2019.03.11,2019,3,11,118,118,,,33,495,17,/en/players/jo-wilfried-tsonga/t786/overview,jo-wilfried-tsonga,t786
2019.03.11,2019,3,11,119,119,,,29,493,28,/en/players/yannick-maden/mh16/overview,yannick-maden,mh16
2019.03.11,2019,3,11,120,120,,,24,488,29,/en/players/thiago-monteiro/mj08/overview,thiago-monteiro,mj08
2019.03.11,2019,3,11,121,121,,,25,485,28,/en/players/gregoire-barrere/bk24/overview,gregoire-barrere,bk24
2019.03.11,2019,3,11,122,122,,,28,476,24,/en/players/evgeny-donskoy/d864/overview,evgeny-donskoy,d864
2019.03.11,2019,3,11,123,123,,,31,464,22,/en/players/matthias-bachinger/bc65/overview,matthias-bachinger,bc65
2019.03.11,2019,3,11,124,124,,,26,459,29,/en/players/henri-laaksonen/l949/overview,henri-laaksonen,l949
2019.03.11,2019,3,11,125,125,,,26,458,22,/en/players/alex-bolt/bi81/overview,alex-bolt,bi81
2019.03.11,2019,3,11,126,126,,,33,454,32,/en/players/sergiy-stakhovsky/sc77/overview,sergiy-stakhovsky,sc77
2019.03.11,2019,3,11,127,127,,,30,453,32,/en/players/peter-polansky/pb22/overview,peter-polansky,pb22
2019.03.11,2019,3,11,128,128,,,25,452,22,/en/players/bjorn-fratangelo/f811/overview,bjorn-fratangelo,f811
2019.03.11,2019,3,11,129,129,,,33,450,22,/en/players/marcos-baghdatis/b837/overview,marcos-baghdatis,b837
2019.03.11,2019,3,11,130,130,,,19,450,27,/en/players/miomir-kecmanovic/ki95/overview,miomir-kecmanovic,ki95
2019.03.11,2019,3,11,131,131,,,19,449,23,/en/players/alexei-popyrin/p09z/overview,alexei-popyrin,p09z
2019.03.11,2019,3,11,132,132,,,29,447,28,/en/players/jason-jung/j380/overview,jason-jung,j380
2019.03.11,2019,3,11,133,133,,,31,443,23,/en/players/lukas-lacko/l797/overview,lukas-lacko,l797
2019.03.11,2019,3,11,134,134,,,21,442,27,/en/players/alexander-bublik/bk92/overview,alexander-bublik,bk92
2019.03.11,2019,3,11,135,135,,,27,430,24,/en/players/stefano-travaglia/ta12/overview,stefano-travaglia,ta12
2019.03.11,2019,3,11,136,136,,,24,425,29,/en/players/ramkumar-ramanathan/rb56/overview,ramkumar-ramanathan,rb56
2019.03.11,2019,3,11,137,137,,,19,423,27,/en/players/corentin-moutet/mw02/overview,corentin-moutet,mw02
2019.03.11,2019,3,11,138,138,,,26,423,22,/en/players/egor-gerasimov/gc89/overview,egor-gerasimov,gc89
2019.03.11,2019,3,11,139,139,,,23,423,25,/en/players/antoine-hoang/ha71/overview,antoine-hoang,ha71
2019.03.11,2019,3,11,140,140,,,33,421,26,/en/players/lukas-rosol/r685/overview,lukas-rosol,r685
2019.03.11,2019,3,11,141,141,,,33,409,28,/en/players/adrian-menendez-maceiras/mb53/overview,adrian-menendez-maceiras,mb53
2019.03.11,2019,3,11,142,142,,,29,404,25,/en/players/facundo-bagnis/bf23/overview,facundo-bagnis,bf23
2019.03.11,2019,3,11,143,143,,,36,400,16,/en/players/david-ferrer/f401/overview,david-ferrer,f401
2019.03.11,2019,3,11,144,144,,,25,398,30,/en/players/oscar-otte/o449/overview,oscar-otte,o449
2019.03.11,2019,3,11,145,145,,,31,387,21,/en/players/ruben-bemelmans/be54/overview,ruben-bemelmans,be54
2019.03.11,2019,3,11,146,146,,,36,387,20,/en/players/carlos-berlocq/b884/overview,carlos-berlocq,b884
2019.03.11,2019,3,11,147,147,,,23,384,22,/en/players/gianluigi-quinzi/q948/overview,gianluigi-quinzi,q948
2019.03.11,2019,3,11,148,148,,,30,383,26,/en/players/tatsuma-ito/i230/overview,tatsuma-ito,i230
2019.03.11,2019,3,11,149,149,,,25,382,18,/en/players/jason-kubler/kb95/overview,jason-kubler,kb95
2019.03.11,2019,3,11,150,150,,,33,381,24,/en/players/luca-vanni/v495/overview,luca-vanni,v495
2019.03.11,2019,3,11,151,151,,,33,379,21,/en/players/simone-bolelli/ba98/overview,simone-bolelli,ba98
2019.03.11,2019,3,11,152,152,,,35,372,24,/en/players/rogerio-dutra-silva/sc73/overview,rogerio-dutra-silva,sc73
2019.03.11,2019,3,11,153,153,,,23,372,22,/en/players/noah-rubin/rc96/overview,noah-rubin,rc96
2019.03.11,2019,3,11,154,154,,,22,363,24,/en/players/christopher-eubanks/e865/overview,christopher-eubanks,e865
2019.03.11,2019,3,11,155,155,,,23,355,26,/en/players/kamil-majchrzak/mq75/overview,kamil-majchrzak,mq75
2019.03.11,2019,3,11,156,156,,,25,352,21,/en/players/dennis-novak/db59/overview,dennis-novak,db59
2019.03.11,2019,3,11,157,157,,,30,344,21,/en/players/jurgen-zopp/z254/overview,jurgen-zopp,z254
2019.03.11,2019,3,11,158,158,,,27,341,14,/en/players/yannick-hanfmann/h997/overview,yannick-hanfmann,h997
2019.03.11,2019,3,11,159,159,,,22,340,17,/en/players/thanasi-kokkinakis/kd46/overview,thanasi-kokkinakis,kd46
2019.03.11,2019,3,11,160,160,,,25,338,29,/en/players/mitchell-krueger/kc12/overview,mitchell-krueger,kc12
2019.03.11,2019,3,11,161,161,,,27,337,26,/en/players/mirza-basic/be67/overview,mirza-basic,be67
2019.03.11,2019,3,11,162,162,,,21,336,30,/en/players/pedro-martinez/mo44/overview,pedro-martinez,mo44
2019.03.11,2019,3,11,163,163,,,26,335,25,/en/players/constant-lestienne/lb66/overview,constant-lestienne,lb66
2019.03.11,2019,3,11,164,164,,,23,333,25,/en/players/filippo-baldi/bm03/overview,filippo-baldi,bm03
2019.03.11,2019,3,11,165,165,,,22,333,29,/en/players/quentin-halys/hb64/overview,quentin-halys,hb64
2019.03.11,2019,3,11,166,166,,,27,325,19,/en/players/james-duckworth/d994/overview,james-duckworth,d994
2019.03.11,2019,3,11,167,167,,,31,317,21,/en/players/daniel-brands/bc72/overview,daniel-brands,bc72
2019.03.11,2019,3,11,168,168,,,26,316,24,/en/players/salvatore-caruso/ce25/overview,salvatore-caruso,ce25
2019.03.11,2019,3,11,169,169,,,28,309,21,/en/players/alessandro-giannessi/g983/overview,alessandro-giannessi,g983
2019.03.11,2019,3,11,170,170,,,21,308,16,/en/players/soonwoo-kwon/kf17/overview,soonwoo-kwon,kf17
2019.03.11,2019,3,11,171,171,,,26,307,11,/en/players/yuki-bhambri/bf55/overview,yuki-bhambri,bf55
2019.03.11,2019,3,11,172,172,,,20,296,14,/en/players/yosuke-watanuki/wb08/overview,yosuke-watanuki,wb08
2019.03.11,2019,3,11,173,173,,,24,291,30,/en/players/dominik-koepfer/ke73/overview,dominik-koepfer,ke73
2019.03.11,2019,3,11,174,174,,,28,289,30,/en/players/hiroki-moriya/mi01/overview,hiroki-moriya,mi01
2019.03.11,2019,3,11,175,175,,,27,288,27,/en/players/roberto-quiroz/q941/overview,roberto-quiroz,q941
2019.03.11,2019,3,11,176,176,,,30,287,27,/en/players/yuichi-sugita/se73/overview,yuichi-sugita,se73
2019.03.11,2019,3,11,177,177,,,31,287,29,/en/players/andrea-arnaboldi/a622/overview,andrea-arnaboldi,a622
2019.03.11,2019,3,11,178,178,,,32,286,23,/en/players/james-ward/w503/overview,james-ward,w503
2019.03.11,2019,3,11,179,179,,,22,285,25,/en/players/sebastian-ofner/o513/overview,sebastian-ofner,o513
2019.03.11,2019,3,11,180,180,,,18,281,16,/en/players/rudolf-molleker/m0ac/overview,rudolf-molleker,m0ac
2019.03.11,2019,3,11,181,181,,,19,281,21,/en/players/alejandro-davidovich-fokina/dh50/overview,alejandro-davidovich-fokina,dh50
2019.03.11,2019,3,11,182,182,,,31,279,22,/en/players/tim-smyczek/sf62/overview,tim-smyczek,sf62
2019.03.11,2019,3,11,183,183,,,26,275,23,/en/players/arthur-de-greef/d981/overview,arthur-de-greef,d981
2019.03.11,2019,3,11,184,184,,,23,275,23,/en/players/nikola-milojevic/mm66/overview,nikola-milojevic,mm66
2019.03.11,2019,3,11,185,185,,,24,275,26,/en/players/gianluca-mager/ml57/overview,gianluca-mager,ml57
2019.03.11,2019,3,11,186,186,,,33,274,13,/en/players/dudi-sela/sc56/overview,dudi-sela,sc56
2019.03.11,2019,3,11,187,187,,,24,274,28,/en/players/pedja-krstin/kd70/overview,pedja-krstin,kd70
2019.03.11,2019,3,11,188,188,,,26,274,30,/en/players/mats-moraing/mj71/overview,mats-moraing,mj71
2019.03.11,2019,3,11,189,189,,,27,273,32,/en/players/lorenzo-giustino/ga79/overview,lorenzo-giustino,ga79
2019.03.11,2019,3,11,190,190,,,26,272,22,/en/players/darian-king/kc86/overview,darian-king,kc86
2019.03.11,2019,3,11,191,191,,,33,271,25,/en/players/daniel-gimeno-traver/g676/overview,daniel-gimeno-traver,g676
2019.03.11,2019,3,11,192,192,,,22,270,17,/en/players/jared-donaldson/dc58/overview,jared-donaldson,dc58
2019.03.11,2019,3,11,193,193,,,32,270,23,/en/players/aleksandr-nedovyesov/n503/overview,aleksandr-nedovyesov,n503
2019.03.11,2019,3,11,194,194,,,19,269,16,/en/players/jurij-rodionov/r09x/overview,jurij-rodionov,r09x
2019.03.11,2019,3,11,195,195,,,26,269,20,/en/players/facundo-arguello/a941/overview,facundo-arguello,a941
2019.03.11,2019,3,11,196,196,,,25,264,22,/en/players/kimmer-coppejans/cg33/overview,kimmer-coppejans,cg33
2019.03.11,2019,3,11,197,197,,,26,262,26,/en/players/filip-horansky/ha28/overview,filip-horansky,ha28
2019.03.11,2019,3,11,198,198,,,20,261,25,/en/players/jay-clarke/ci14/overview,jay-clarke,ci14
2019.03.11,2019,3,11,199,199,,,28,258,21,/en/players/blaz-rola/ra51/overview,blaz-rola,ra51
2019.03.11,2019,3,11,200,200,,,20,257,15,/en/players/mikael-ymer/y268/overview,mikael-ymer,y268
2019.03.11,2019,3,11,201,201,,,28,254,23,/en/players/ze-zhang/z272/overview,ze-zhang,z272
2019.03.11,2019,3,11,202,202,,,26,254,27,/en/players/alexey-vatutin/v717/overview,alexey-vatutin,v717
2019.03.11,2019,3,11,203,203,,,21,253,17,/en/players/tommy-paul/pl56/overview,tommy-paul,pl56
2019.03.11,2019,3,11,204,204,,,28,251,23,/en/players/marcelo-arevalo/a853/overview,marcelo-arevalo,a853
2019.03.11,2019,3,11,205,205,,,34,249,25,/en/players/go-soeda/sc47/overview,go-soeda,sc47
2019.03.11,2019,3,11,206,206,,,29,247,20,/en/players/donald-young/y124/overview,donald-young,y124
2019.03.11,2019,3,11,207,207,,,36,246,20,/en/players/tommy-robredo/r419/overview,tommy-robredo,r419
2019.03.11,2019,3,11,208,208,,,24,245,16,/en/players/matteo-donati/da67/overview,matteo-donati,da67
2019.03.11,2019,3,11,209,209,,,22,244,16,/en/players/tallon-griekspoor/gj37/overview,tallon-griekspoor,gj37
2019.03.11,2019,3,11,210,210,,,21,241,31,/en/players/marc-polmans/pg94/overview,marc-polmans,pg94
2019.03.11,2019,3,11,211,211,,,22,240,30,/en/players/maxime-janvier/j620/overview,maxime-janvier,j620
2019.03.11,2019,3,11,212,212,,,29,238,19,/en/players/roberto-marcora/mj01/overview,roberto-marcora,mj01
2019.03.11,2019,3,11,213,213,,,28,237,25,/en/players/viktor-galovic/gb61/overview,viktor-galovic,gb61
2019.03.11,2019,3,11,214,214,,,30,236,17,/en/players/sergio-gutierrez-ferrol/g935/overview,sergio-gutierrez-ferrol,g935
2019.03.11,2019,3,11,215,215,,,22,236,33,/en/players/zdenek-kolar/kh56/overview,zdenek-kolar,kh56
2019.03.11,2019,3,11,216,216,,,28,233,29,/en/players/mohamed-safwat/sk47/overview,mohamed-safwat,sk47
2019.03.11,2019,3,11,217,217,,,25,233,20,/en/players/marcos-giron/gc88/overview,marcos-giron,gc88
2019.03.11,2019,3,11,218,218,,,31,230,15,/en/players/andy-murray/mc10/overview,andy-murray,mc10
2019.03.11,2019,3,11,219,219,,,30,229,19,/en/players/john-patrick-smith/sj55/overview,john-patrick-smith,sj55
2019.03.11,2019,3,11,220,220,,,32,228,25,/en/players/tobias-kamke/k839/overview,tobias-kamke,k839
2019.03.11,2019,3,11,221,221,,,24,227,15,/en/players/adam-pavlasek/pg32/overview,adam-pavlasek,pg32
2019.03.11,2019,3,11,222,222,,,34,224,22,/en/players/dustin-brown/ba65/overview,dustin-brown,ba65
2019.03.11,2019,3,11,223,223,,,27,221,25,/en/players/federico-gaio/gb53/overview,federico-gaio,gb53
2019.03.11,2019,3,11,224,224,,,26,217,16,/en/players/yasutaka-uchiyama/u134/overview,yasutaka-uchiyama,u134
2019.03.11,2019,3,11,225,225,,,37,216,14,/en/players/nicolas-mahut/m873/overview,nicolas-mahut,m873
2019.03.11,2019,3,11,226,226,,,22,216,18,/en/players/daniel-elahi-galan/ge33/overview,daniel-elahi-galan,ge33
2019.03.11,2019,3,11,227,227,,,30,215,17,/en/players/thiemo-de-bakker/d776/overview,thiemo-de-bakker,d776
2019.03.11,2019,3,11,228,228,,,21,215,17,/en/players/gian-marco-moroni/mp83/overview,gian-marco-moroni,mp83
2019.03.11,2019,3,11,229,229,,,23,214,22,/en/players/stefano-napolitano/n679/overview,stefano-napolitano,n679
2019.03.11,2019,3,11,230,230,,,35,213,15,/en/players/gilles-muller/ma30/overview,gilles-muller,ma30
2019.03.11,2019,3,11,231,231,,,28,213,20,/en/players/norbert-gombos/gb93/overview,norbert-gombos,gb93
2019.03.11,2019,3,11,232,232,,,31,209,24,/en/players/thomaz-bellucci/bd20/overview,thomaz-bellucci,bd20
2019.03.11,2019,3,11,233,233,,,25,208,29,/en/players/filip-peliwo/pf65/overview,filip-peliwo,pf65
2019.03.11,2019,3,11,234,234,,,31,207,15,/en/players/santiago-giraldo/g725/overview,santiago-giraldo,g725
2019.03.11,2019,3,11,235,235,,,25,207,27,/en/players/joao-domingues/d985/overview,joao-domingues,d985
2019.03.11,2019,3,11,236,236,,,32,206,10,/en/players/blaz-kavcic/k834/overview,blaz-kavcic,k834
2019.03.11,2019,3,11,237,237,,,23,203,28,/en/players/pedro-cachin/cg04/overview,pedro-cachin,cg04
2019.03.11,2019,3,11,238,238,,,24,202,20,/en/players/calvin-hemery-/hb48/overview,calvin-hemery-,hb48
2019.03.11,2019,3,11,239,239,,,25,202,24,/en/players/mathias-bourgue/bk19/overview,mathias-bourgue,bk19
2019.03.11,2019,3,11,240,240,,,33,201,19,/en/players/viktor-troicki/t840/overview,viktor-troicki,t840
2019.03.11,2019,3,11,241,241,,,27,198,14,/en/players/kevin-krawietz/kb92/overview,kevin-krawietz,kb92
2019.03.11,2019,3,11,242,242,,,24,193,13,/en/players/enzo-couacaud/cg94/overview,enzo-couacaud,cg94
2019.03.11,2019,3,11,243,243,,,23,192,33,/en/players/jc-aragone/ab71/overview,jc-aragone,ab71
2019.03.11,2019,3,11,244,244,,,20,190,24,/en/players/duckhee-lee/le01/overview,duckhee-lee,le01
2019.03.11,2019,3,11,245,245,,,28,190,29,/en/players/uladzimir-ignatik/i236/overview,uladzimir-ignatik,i236
2019.03.11,2019,3,11,246,246,,,31,188,14,/en/players/saketh-myneni/me64/overview,saketh-myneni,me64
2019.03.11,2019,3,11,247,247,,,32,185,30,/en/players/zhe-li/l733/overview,zhe-li,l733
2019.03.11,2019,3,11,248,248,,,18,184,21,/en/players/nicola-kuhn/ki74/overview,nicola-kuhn,ki74
2019.03.11,2019,3,11,249,249,,,25,183,22,/en/players/roberto-cid-subervi/cf88/overview,roberto-cid-subervi,cf88
2019.03.11,2019,3,11,250,250,,,34,181,8,/en/players/steve-darcis/d632/overview,steve-darcis,d632
2019.03.11,2019,3,11,251,251,,,30,180,16,/en/players/attila-balazs/bd80/overview,attila-balazs,bd80
2019.03.11,2019,3,11,252,252,,,27,180,28,/en/players/enrique-lopez-perez/la93/overview,enrique-lopez-perez,la93
2019.03.11,2019,3,11,253,253,,,22,180,29,/en/players/nino-serdarusic/sp80/overview,nino-serdarusic,sp80
2019.03.11,2019,3,11,254,254,,,22,179,27,/en/players/benjamin-bonzi/bm95/overview,benjamin-bonzi,bm95
2019.03.11,2019,3,11,255,255,,,24,179,12,/en/players/mikael-torpegaard/tc12/overview,mikael-torpegaard,tc12
2019.03.11,2019,3,11,256,256,,,29,178,22,/en/players/andrej-martin/mf35/overview,andrej-martin,mf35
2019.03.11,2019,3,11,257,257,,,24,178,25,/en/players/daniel-masur/mn20/overview,daniel-masur,mn20
2019.03.11,2019,3,11,258,258,,,24,177,18,/en/players/christian-harrison/hb05/overview,christian-harrison,hb05
2019.03.11,2019,3,11,259,259,,,26,176,22,/en/players/guilherme-clezar/cc32/overview,guilherme-clezar,cc32
2019.03.11,2019,3,11,260,260,,,30,169,22,/en/players/gleb-sakharov/sj22/overview,gleb-sakharov,sj22
2019.03.11,2019,3,11,261,261,,,23,169,24,/en/players/mario-vilella-martinez/v824/overview,mario-vilella-martinez,v824
2019.03.11,2019,3,11,262,262,,,22,169,26,/en/players/jan-choinski/ch12/overview,jan-choinski,ch12
2019.03.11,2019,3,11,263,263,,,22,168,29,/en/players/bernabe-zapata-miralles/z419/overview,bernabe-zapata-miralles,z419
2019.03.11,2019,3,11,264,264,,,24,167,19,/en/players/thai-son-kwiatkowski/kd35/overview,thai-son-kwiatkowski,kd35
2019.03.11,2019,3,11,265,265,,,22,167,23,/en/players/lucas-miedler/mo55/overview,lucas-miedler,mo55
2019.03.11,2019,3,11,266,266,,,20,167,24,/en/players/max-purcell/ph71/overview,max-purcell,ph71
2019.03.11,2019,3,11,267,267,,,22,163,21,/en/players/ernesto-escobedo/e873/overview,ernesto-escobedo,e873
2019.03.11,2019,3,11,268,268,,,31,163,21,/en/players/matteo-viola/v490/overview,matteo-viola,v490
2019.03.11,2019,3,11,269,269,,,26,163,25,/en/players/maverick-banes/bh87/overview,maverick-banes,bh87
2019.03.11,2019,3,11,270,270,,,22,162,13,/en/players/sasi-kumar-mukund/mp13/overview,sasi-kumar-mukund,mp13
2019.03.11,2019,3,11,271,271,,,28,162,18,/en/players/scott-griekspoor/gc54/overview,scott-griekspoor,gc54
2019.03.11,2019,3,11,272,272,,,24,162,19,/en/players/evgeny-karlovskiy/kd87/overview,evgeny-karlovskiy,kd87
2019.03.11,2019,3,11,273,273,,,33,160,8,/en/players/horacio-zeballos/z184/overview,horacio-zeballos,z184
2019.03.11,2019,3,11,274,274,,,20,160,21,/en/players/elliot-benchetrit/bt68/overview,elliot-benchetrit,bt68
2019.03.11,2019,3,11,275,275,,,22,158,16,/en/players/johan-tatlot/tc95/overview,johan-tatlot,tc95
2019.03.11,2019,3,11,276,276,,,28,158,19,/en/players/jose-hernandez-fernandez/h896/overview,jose-hernandez-fernandez,h896
2019.03.11,2019,3,11,277,277,,,23,158,28,/en/players/cem-ilkel/i306/overview,cem-ilkel,i306
2019.03.11,2019,3,11,278,278,,,38,157,19,/en/players/stephane-robert/r612/overview,stephane-robert,r612
2019.03.11,2019,3,11,279,279,,,31,154,22,/en/players/kenny-de-schepper/d750/overview,kenny-de-schepper,d750
2019.03.11,2019,3,11,280,280,,,20,154,24,/en/players/yunseong-chung/ch90/overview,yunseong-chung,ch90
2019.03.11,2019,3,11,281,281,,,27,154,31,/en/players/tsung-hua-yang/t982/overview,tsung-hua-yang,t982
2019.03.11,2019,3,11,282,282,,,24,153,29,/en/players/kaichi-uchida/u120/overview,kaichi-uchida,u120
2019.03.11,2019,3,11,283,283,,,27,152,29,/en/players/roberto-ortega-olmedo/o340/overview,roberto-ortega-olmedo,o340
2019.03.11,2019,3,11,284,284,,,27,151,28,/en/players/laurynas-grigelis/ga71/overview,laurynas-grigelis,ga71
2019.03.11,2019,3,11,285,285,,,27,150,19,/en/players/federico-coria/ce77/overview,federico-coria,ce77
2019.03.11,2019,3,11,286,286,,,26,149,20,/en/players/tristan-lamasine/lc11/overview,tristan-lamasine,lc11
2019.03.11,2019,3,11,287,287,,,20,141,12,/en/players/jeffrey-john-wolf/w09g/overview,jeffrey-john-wolf,w09g
2019.03.11,2019,3,11,288,288,,,24,140,40,/en/players/goncalo-oliveira/o482/overview,goncalo-oliveira,o482
2019.03.11,2019,3,11,289,289,,,28,137,15,/en/players/gerald-melzer/mi43/overview,gerald-melzer,mi43
2019.03.11,2019,3,11,290,290,,,37,133,10,/en/players/jurgen-melzer/m762/overview,jurgen-melzer,m762
2019.03.11,2019,3,11,291,291,,,27,133,20,/en/players/danilo-petrovic/pe02/overview,danilo-petrovic,pe02
2019.03.11,2019,3,11,292,292,,,21,133,22,/en/players/akira-santillan/sq80/overview,akira-santillan,sq80
2019.03.11,2019,3,11,293,293,,,27,132,18,/en/players/steven-diez/d916/overview,steven-diez,d916
2019.03.11,2019,3,11,294,294,,,26,130,8,/en/players/nicolas-kicker/kc29/overview,nicolas-kicker,kc29
2019.03.11,2019,3,11,295,295,,,28,128,24,/en/players/gastao-elias/e698/overview,gastao-elias,e698
2019.03.11,2019,3,11,296,296,,,26,127,26,/en/players/evan-king/kb37/overview,evan-king,kb37
2019.03.11,2019,3,11,297,297,,,23,126,19,/en/players/collin-altamirano/ac84/overview,collin-altamirano,ac84
2019.03.11,2019,3,11,298,298,,,20,123,23,/en/players/ulises-blanch/bv27/overview,ulises-blanch,bv27
2019.03.11,2019,3,11,299,299,,,25,118,25,/en/players/liam-broady/bi23/overview,liam-broady,bi23
2019.03.11,2019,3,11,300,300,,,29,118,26,/en/players/tomislav-brkic/be68/overview,tomislav-brkic,be68
2019.03.11,2019,3,11,301,301,,,25,114,16,/en/players/andrew-harris/hb29/overview,andrew-harris,hb29
2019.03.11,2019,3,11,302,302,,,21,113,24,/en/players/roman-safiullin/sx50/overview,roman-safiullin,sx50
2019.03.11,2019,3,11,303,303,,,25,112,13,/en/players/joris-de-loore/da86/overview,joris-de-loore,da86
2019.03.11,2019,3,11,304,304,,,30,112,23,/en/players/ante-pavic/pc78/overview,ante-pavic,pc78
2019.03.11,2019,3,11,305,305,,,31,109,20,/en/players/aldin-setkic/sf41/overview,aldin-setkic,sf41
2019.03.11,2019,3,11,306,306,,,27,106,20,/en/players/martin-cuevas/cc98/overview,martin-cuevas,cc98
2019.03.11,2019,3,11,307,307,,,19,105,13,/en/players/yibing-wu/wb32/overview,yibing-wu,wb32
2019.03.11,2019,3,11,308,308,,,20,105,6,/en/players/pavel-kotov/k09f/overview,pavel-kotov,k09f
2019.03.11,2019,3,11,309,309,,,21,103,15,/en/players/carlos-taberner/te16/overview,carlos-taberner,te16
2019.03.11,2019,3,11,310,310,,,21,99,16,/en/players/maxime-cressy/c0bc/overview,maxime-cressy,c0bc
2019.03.11,2019,3,11,311,311,,,23,98,24,/en/players/jelle-sels/so20/overview,jelle-sels,so20
2019.03.11,2019,3,11,312,312,,,27,97,19,/en/players/emilio-gomez/ga36/overview,emilio-gomez,ga36
2019.03.11,2019,3,11,313,313,,,27,96,14,/en/players/sebastian-fanselow/f664/overview,sebastian-fanselow,f664
2019.03.11,2019,3,11,314,314,,,26,96,18,/en/players/renzo-olivo/o376/overview,renzo-olivo,o376
2019.03.11,2019,3,11,315,315,,,30,95,9,/en/players/gonzalo-escobar/e661/overview,gonzalo-escobar,e661
2019.03.11,2019,3,11,316,316,,,21,95,10,/en/players/borna-gojo/gh92/overview,borna-gojo,gh92
2019.03.11,2019,3,11,317,317,,,25,95,19,/en/players/denis-yevseyev/y171/overview,denis-yevseyev,y171
2019.03.11,2019,3,11,318,318,,,27,94,21,/en/players/andrea-collarini/cc66/overview,andrea-collarini,cc66
2019.03.11,2019,3,11,319,319,,,26,92,20,/en/players/evan-song/sp05/overview,evan-song,sp05
2019.03.11,2019,3,11,320,320,,,20,91,8,/en/players/mate-valkusz/va70/overview,mate-valkusz,va70
2019.03.11,2019,3,11,321,321,,,21,91,13,/en/players/marcelo-tomas-barrios-vera/bs86/overview,marcelo-tomas-barrios-vera,bs86
2019.03.11,2019,3,11,322,322,,,28,90,10,/en/players/carlos-gomez-herrera/g985/overview,carlos-gomez-herrera,g985
2019.03.11,2019,3,11,323,323,,,27,88,17,/en/players/tak-khunn-wang/w597/overview,tak-khunn-wang,w597
2019.03.11,2019,3,11,324,324,,,17,87,7,/en/players/jannik-sinner/s0ag/overview,jannik-sinner,s0ag
2019.03.11,2019,3,11,325,325,,,25,86,14,/en/players/dimitar-kuzmanov/kc33/overview,dimitar-kuzmanov,kc33
2019.03.11,2019,3,11,326,326,,,24,86,19,/en/players/vaclav-safranek/sn77/overview,vaclav-safranek,sn77
2019.03.11,2019,3,11,327,327,,,28,85,21,/en/players/alexander-sarkissian/sl07/overview,alexander-sarkissian,sl07
2019.03.11,2019,3,11,328,328,,,27,85,24,/en/players/di-wu/w571/overview,di-wu,w571
2019.03.11,2019,3,11,329,329,,,38,84,18,/en/players/victor-estrella-burgos/e224/overview,victor-estrella-burgos,e224
2019.03.11,2019,3,11,330,330,,,26,84,9,/en/players/dragos-dima/da13/overview,dragos-dima,da13
2019.03.11,2019,3,11,331,331,,,20,84,11,/en/players/roy-smith/s0dh/overview,roy-smith,s0dh
2019.03.11,2019,3,11,332,332,,,28,84,21,/en/players/kevin-king/kb14/overview,kevin-king,kb14
2019.03.11,2019,3,11,333,333,,,24,83,6,/en/players/matias-franco-descotte/db93/overview,matias-franco-descotte,db93
2019.03.11,2019,3,11,334,334,,,25,82,16,/en/players/luke-saville/sm09/overview,luke-saville,sm09
2019.03.11,2019,3,11,335,335,,,23,80,14,/en/players/frederico-ferreira-silva/sn54/overview,frederico-ferreira-silva,sn54
2019.03.11,2019,3,11,336,336,,,22,80,22,/en/players/alexandre-muller/mp20/overview,alexandre-muller,mp20
2019.03.11,2019,3,11,337,337,,,34,78,9,/en/players/frank-dancevic/d499/overview,frank-dancevic,d499
2019.03.11,2019,3,11,338,338,,,27,78,14,/en/players/maximilian-neuchrist/n663/overview,maximilian-neuchrist,n663
2019.03.11,2019,3,11,339,339,,,33,76,16,/en/players/vincent-millot/me31/overview,vincent-millot,me31
2019.03.11,2019,3,11,340,340,,,21,76,16,/en/players/stefan-kozlov/ke64/overview,stefan-kozlov,ke64
2019.03.11,2019,3,11,341,341,,,31,76,18,/en/players/rubin-statham/sf89/overview,rubin-statham,sf89
2019.03.11,2019,3,11,342,342,,,21,75,5,/en/players/alex-molcan/mv14/overview,alex-molcan,mv14
2019.03.11,2019,3,11,343,343,,,26,72,24,/en/players/carlos-boluda-purkiss/bg72/overview,carlos-boluda-purkiss,bg72
2019.03.11,2019,3,11,344,344,,,20,71,17,/en/players/renta-tokuda/td55/overview,renta-tokuda,td55
2019.03.11,2019,3,11,345,345,,,21,70,13,/en/players/andrea-pellegrino/ph64/overview,andrea-pellegrino,ph64
2019.03.11,2019,3,11,346,346,,,30,68,16,/en/players/alejandro-gonzalez/g892/overview,alejandro-gonzalez,g892
2019.03.11,2019,3,11,347,347,,,26,68,21,/en/players/ricardo-ojeda-lara/o408/overview,ricardo-ojeda-lara,o408
2019.03.11,2019,3,11,348,348,,,30,67,16,/en/players/miljan-zekic/z246/overview,miljan-zekic,z246
2019.03.11,2019,3,11,349,349,,,25,67,20,/en/players/michael-redlicki/rc62/overview,michael-redlicki,rc62
2019.03.11,2019,3,11,350,350,,,36,66,8,/en/players/david-guez/g753/overview,david-guez,g753
2019.03.11,2019,3,11,351,351,,,21,65,19,/en/players/sumit-nagal/n897/overview,sumit-nagal,n897
2019.03.11,2019,3,11,352,352,,,23,63,13,/en/players/juan-pablo-varillas/v836/overview,juan-pablo-varillas,v836
2019.03.11,2019,3,11,353,353,,,31,60,10,/en/players/sergey-betov/bd82/overview,sergey-betov,bd82
2019.03.11,2019,3,11,354,354,,,22,58,15,/en/players/zihao-xia/x015/overview,zihao-xia,x015
2019.03.11,2019,3,11,355,355,,,24,58,19,/en/players/jared-hiltzik/hb41/overview,jared-hiltzik,hb41
2019.03.11,2019,3,11,356,356,,,29,57,11,/en/players/yan-bai/be69/overview,yan-bai,be69
2019.03.11,2019,3,11,357,357,,,22,57,12,/en/players/makoto-ochi/o664/overview,makoto-ochi,o664
2019.03.11,2019,3,11,358,358,,,22,56,10,/en/players/zhizhen-zhang/z371/overview,zhizhen-zhang,z371
2019.03.11,2019,3,11,359,359,,,22,56,14,/en/players/marc-andrea-huesler/hh06/overview,marc-andrea-huesler,hh06
2019.03.11,2019,3,11,360,360,,,21,55,20,/en/players/yusuke-takahashi/tf58/overview,yusuke-takahashi,tf58
2019.03.11,2019,3,11,361,361,,,24,54,8,/en/players/ryan-shane/sq48/overview,ryan-shane,sq48
2019.03.11,2019,3,11,362,362,,,22,53,11,/en/players/aleksandar-vukic/v832/overview,aleksandar-vukic,v832
2019.03.11,2019,3,11,363,363,,,20,53,13,/en/players/tung-lin-wu/w857/overview,tung-lin-wu,w857
2019.03.11,2019,3,11,364,364,,,19,52,14,/en/players/zsombor-piros/p09o/overview,zsombor-piros,p09o
2019.03.11,2019,3,11,365,365,,,25,51,5,/en/players/ji-sung-nam/n652/overview,ji-sung-nam,n652
2019.03.11,2019,3,11,366,366,,,31,51,6,/en/players/franko-skugor/sf76/overview,franko-skugor,sf76
2019.03.11,2019,3,11,367,367,,,25,51,9,/en/players/oriol-roca-batalla/rb60/overview,oriol-roca-batalla,rb60
2019.03.11,2019,3,11,368,368,,,21,51,10,/en/players/viktor-durasovic/dc76/overview,viktor-durasovic,dc76
2019.03.11,2019,3,11,369,369,,,25,51,15,/en/players/andrea-basso/bh80/overview,andrea-basso,bh80
2019.03.11,2019,3,11,370,370,,,24,50,16,/en/players/benjamin-hassan/hg94/overview,benjamin-hassan,hg94
2019.03.11,2019,3,11,371,371,,,27,49,16,/en/players/antoine-escoffier/e768/overview,antoine-escoffier,e768
2019.03.11,2019,3,11,372,372,,,22,48,14,/en/players/hugo-grenier/gf95/overview,hugo-grenier,gf95
2019.03.11,2019,3,11,373,373,,,28,47,17,/en/players/dayne-kelly/ka22/overview,dayne-kelly,ka22
2019.03.11,2019,3,11,374,374,,,29,46,10,/en/players/harri-heliovaara/h808/overview,harri-heliovaara,h808
2019.03.11,2019,3,11,375,375,,,25,46,15,/en/players/dennis-novikov/n674/overview,dennis-novikov,n674
2019.03.11,2019,3,11,376,376,,,25,45,10,/en/players/pedro-sakamoto/sl94/overview,pedro-sakamoto,sl94
2019.03.11,2019,3,11,377,377,,,33,45,11,/en/players/teymuraz-gabashvili/g681/overview,teymuraz-gabashvili,g681
2019.03.11,2019,3,11,378,378,,,22,45,17,/en/players/joao-menezes/mn70/overview,joao-menezes,mn70
2019.03.11,2019,3,11,379,379,,,22,44,6,/en/players/petros-chrysochos/ch73/overview,petros-chrysochos,ch73
2019.03.11,2019,3,11,380,380,,,29,44,9,/en/players/brydan-klein/k964/overview,brydan-klein,k964
2019.03.11,2019,3,11,381,381,,,22,44,18,/en/players/ivan-gakhov/ge28/overview,ivan-gakhov,ge28
2019.03.11,2019,3,11,382,382,,,23,43,8,/en/players/johannes-haerteis/hb31/overview,johannes-haerteis,hb31
2019.03.11,2019,3,11,383,383,,,28,43,8,/en/players/jan-satral/sk67/overview,jan-satral,sk67
2019.03.11,2019,3,11,384,384,,,37,43,15,/en/players/daniel-munoz-de-la-nava/m915/overview,daniel-munoz-de-la-nava,m915
2019.03.11,2019,3,11,385,385,,,19,42,10,/en/players/alen-avidzba/a0ao/overview,alen-avidzba,a0ao
2019.03.11,2019,3,11,386,386,,,28,41,10,/en/players/jeremy-jahn/j400/overview,jeremy-jahn,j400
2019.03.11,2019,3,11,387,387,,,20,41,12,/en/players/khumoyun-sultanov/sr81/overview,khumoyun-sultanov,sr81
2019.03.11,2019,3,11,388,388,,,28,41,22,/en/players/sadio-doumbia/d917/overview,sadio-doumbia,d917
2019.03.11,2019,3,11,389,389,,,23,40,14,/en/players/martin-redlicki/rc93/overview,martin-redlicki,rc93
2019.03.11,2019,3,11,390,390,,,20,39,8,/en/players/alexis-galarneau/gk06/overview,alexis-galarneau,gk06
2019.03.11,2019,3,11,391,391,,,19,39,10,/en/players/thiago-seyboth-wild/sx91/overview,thiago-seyboth-wild,sx91
2019.03.11,2019,3,11,392,392,,,28,39,14,/en/players/tom-jomby/j439/overview,tom-jomby,j439
2019.03.11,2019,3,11,393,393,,,28,38,19,/en/players/alessandro-bega/bf98/overview,alessandro-bega,bf98
2019.03.11,2019,3,11,394,394,,,25,37,12,/en/players/arjun-kadhe/kd43/overview,arjun-kadhe,kd43
2019.03.11,2019,3,11,395,395,,,21,37,25,/en/players/raul-brancaccio/bv24/overview,raul-brancaccio,bv24
2019.03.11,2019,3,11,396,396,,,31,36,5,/en/players/illya-marchenko/me89/overview,illya-marchenko,me89
2019.03.11,2019,3,11,397,397,,,26,36,7,/en/players/julian-lenz/lb51/overview,julian-lenz,lb51
2019.03.11,2019,3,11,398,398,,,30,35,8,/en/players/guillermo-olaso/o327/overview,guillermo-olaso,o327
2019.03.11,2019,3,11,399,399,,,27,35,9,/en/players/shuichi-sekiguchi/sl92/overview,shuichi-sekiguchi,sl92
2019.03.11,2019,3,11,400,400,,,28,34,4,/en/players/n.sriram-balaji/n558/overview,n.sriram-balaji,n558
2019.03.11,2019,3,11,401,401,,,27,34,11,/en/players/sekou-bangoura/bh02/overview,sekou-bangoura,bh02
2019.03.11,2019,3,11,402,402,,,23,34,13,/en/players/jacob-grills/ge73/overview,jacob-grills,ge73
2019.03.11,2019,3,11,403,403,,,20,33,15,/en/players/blake-ellis/ea27/overview,blake-ellis,ea27
2019.03.11,2019,3,11,404,404,,,31,32,4,/en/players/tim-puetz/pc68/overview,tim-puetz,pc68
2019.03.11,2019,3,11,405,405,,,20,32,10,/en/players/youssef-hossam/hd67/overview,youssef-hossam,hd67
2019.03.11,2019,3,11,406,406,,,20,32,23,/en/players/javier-barranco-cosano/bv25/overview,javier-barranco-cosano,bv25
2019.03.11,2019,3,11,407,407,,,19,31,7,/en/players/emil-ruusuvuori/rh24/overview,emil-ruusuvuori,rh24
2019.03.11,2019,3,11,408,408,,,25,31,16,/en/players/joao-monteiro/mm60/overview,joao-monteiro,mm60
2019.03.11,2019,3,11,409,409,,,28,30,10,/en/players/alexander-ward/w579/overview,alexander-ward,w579
2019.03.11,2019,3,11,410,410,,,20,30,11,/en/players/chien-hsun-lo/lf59/overview,chien-hsun-lo,lf59
2019.03.11,2019,3,11,411,411,,,30,30,15,/en/players/joao-souza/sg64/overview,joao-souza,sg64
2019.03.11,2019,3,11,412,412,,,23,29,5,/en/players/andrea-vavassori/va08/overview,andrea-vavassori,va08
2019.03.11,2019,3,11,413,413,,,23,29,11,/en/players/harry-bourchier/bj05/overview,harry-bourchier,bj05
2019.03.11,2019,3,11,414,414,,,21,29,11,/en/players/rigele-te/tg30/overview,rigele-te,tg30
2019.03.11,2019,3,11,415,415,,,31,28,7,/en/players/andreas-haider-maurer/h804/overview,andreas-haider-maurer,h804
2019.03.11,2019,3,11,416,416,,,22,28,9,/en/players/nam-hoang-ly/ld22/overview,nam-hoang-ly,ld22
2019.03.11,2019,3,11,417,417,,,23,28,12,/en/players/arthur-rinderknech/rc91/overview,arthur-rinderknech,rc91
2019.03.11,2019,3,11,418,418,,,28,28,18,/en/players/jordi-samper-montana/sh91/overview,jordi-samper-montana,sh91
2019.03.11,2019,3,11,419,419,,,23,28,21,/en/players/bradley-mousley/mn44/overview,bradley-mousley,mn44
2019.03.11,2019,3,11,420,420,,,20,27,15,/en/players/evan-furness/fc26/overview,evan-furness,fc26
2019.03.11,2019,3,11,421,421,,,25,26,7,/en/players/andres-artunedo-martinavarro/ab17/overview,andres-artunedo-martinavarro,ab17
2019.03.11,2019,3,11,422,422,,,19,26,9,/en/players/zizou-bergs/bu13/overview,zizou-bergs,bu13
2019.03.11,2019,3,11,423,423,,,28,25,7,/en/players/cristian-rodriguez/r913/overview,cristian-rodriguez,r913
2019.03.11,2019,3,11,424,424,,,24,24,5,/en/players/baptiste-crepatte/cm79/overview,baptiste-crepatte,cm79
2019.03.11,2019,3,11,425,425,,,31,24,9,/en/players/igor-sijsling/sf36/overview,igor-sijsling,sf36
2019.03.11,2019,3,11,426,426,,,29,24,11,/en/players/markus-eriksson/e688/overview,markus-eriksson,e688
2019.03.11,2019,3,11,427,427,,,21,24,14,/en/players/corentin-denolly/df92/overview,corentin-denolly,df92
2019.03.11,2019,3,11,428,428,,,25,24,16,/en/players/riccardo-bonadio/bi47/overview,riccardo-bonadio,bi47
2019.03.11,2019,3,11,429,429,,,27,24,17,/en/players/tobias-simon/sk51/overview,tobias-simon,sk51
2019.03.11,2019,3,11,430,430,,,25,24,20,/en/players/lloyd-glasspool/gd08/overview,lloyd-glasspool,gd08
2019.03.11,2019,3,11,431,431,,,27,23,5,/en/players/marvin-netuschil/n661/overview,marvin-netuschil,n661
2019.03.11,2019,3,11,432,432,,,27,23,6,/en/players/albano-olivetti/o411/overview,albano-olivetti,o411
2019.03.11,2019,3,11,433,433,,,32,23,20,/en/players/ivan-nedelko/n561/overview,ivan-nedelko,n561
2019.03.11,2019,3,11,434,434,,,20,22,16,/en/players/enrico-dalla-valle/dg80/overview,enrico-dalla-valle,dg80
2019.03.11,2019,3,11,435,435,,,22,22,19,/en/players/gijs-brouwer/bo10/overview,gijs-brouwer,bo10
2019.03.11,2019,3,11,436,436,,,28,21,5,/en/players/hugo-nys/n670/overview,hugo-nys,n670
2019.03.11,2019,3,11,437,437,,,25,21,8,/en/players/aslan-karatsev/kc56/overview,aslan-karatsev,kc56
2019.03.11,2019,3,11,438,438,,,21,21,11,/en/players/liam-caruana/co06/overview,liam-caruana,co06
2019.03.11,2019,3,11,439,439,,,21,21,12,/en/players/tim-van-rijthoven/v942/overview,tim-van-rijthoven,v942
2019.03.11,2019,3,11,440,440,,,26,21,12,/en/players/gregoire-jacq/j557/overview,gregoire-jacq,j557
2019.03.11,2019,3,11,441,441,,,34,20,5,/en/players/lamine-ouahab/o207/overview,lamine-ouahab,o207
2019.03.11,2019,3,11,442,442,,,21,20,5,/en/players/william-blumberg/bt45/overview,william-blumberg,bt45
2019.03.11,2019,3,11,443,443,,,26,20,10,/en/players/fabrizio-ornago/o423/overview,fabrizio-ornago,o423
2019.03.11,2019,3,11,444,444,,,19,20,10,/en/players/alafia-ayeni/a09p/overview,alafia-ayeni,a09p
2019.03.11,2019,3,11,445,445,,,18,20,14,/en/players/antoine-cornut-chauvinc/c0az/overview,antoine-cornut-chauvinc,c0az
2019.03.11,2019,3,11,446,446,,,24,20,18,/en/players/harrison-adams/ab54/overview,harrison-adams,ab54
2019.03.11,2019,3,11,447,447,,,30,19,6,/en/players/miliaan-niesten/n607/overview,miliaan-niesten,n607
2019.03.11,2019,3,11,448,448,,,28,19,9,/en/players/takanyi-garanganga/ga48/overview,takanyi-garanganga,ga48
2019.03.11,2019,3,11,449,449,,,17,19,10,/en/players/chun-hsin-tseng/t0ap/overview,chun-hsin-tseng,t0ap
2019.03.11,2019,3,11,450,450,,,21,19,13,/en/players/edan-leshem/ld26/overview,edan-leshem,ld26
2019.03.11,2019,3,11,451,451,,,22,18,2,/en/players/bastian-malla/mm24/overview,bastian-malla,mm24
2019.03.11,2019,3,11,452,452,,,30,18,5,/en/players/gerard-granollers/g922/overview,gerard-granollers,g922
2019.03.11,2019,3,11,453,453,,,19,18,9,/en/players/patrick-kypson/k0a3/overview,patrick-kypson,k0a3
2019.03.11,2019,3,11,454,454,,,31,18,14,/en/players/yannick-mertens/mg08/overview,yannick-mertens,mg08
2019.03.11,2019,3,11,455,455,,,34,17,2,/en/players/janko-tipsarevic/t742/overview,janko-tipsarevic,t742
2019.03.11,2019,3,11,456,456,,,24,17,4,/en/players/ji-hoon-son/so41/overview,ji-hoon-son,so41
2019.03.11,2019,3,11,457,457,,,28,17,6,/en/players/manuel-sanchez/si82/overview,manuel-sanchez,si82
2019.03.11,2019,3,11,458,458,,,22,17,7,/en/players/alex-rybakov/rg42/overview,alex-rybakov,rg42
2019.03.11,2019,3,11,459,459,,,30,17,9,/en/players/patricio-heras/h924/overview,patricio-heras,h924
2019.03.11,2019,3,11,460,460,,,32,17,9,/en/players/yannick-jankovits/j347/overview,yannick-jankovits,j347
2019.03.11,2019,3,11,461,461,,,22,17,12,/en/players/juan-pablo-ficovich/fa43/overview,juan-pablo-ficovich,fa43
2019.03.11,2019,3,11,462,462,,,23,17,19,/en/players/fabien-reboul/re45/overview,fabien-reboul,re45
2019.03.11,2019,3,11,463,463,,,19,16,5,/en/players/camilo-ugo-carabelli/u182/overview,camilo-ugo-carabelli,u182
2019.03.11,2019,3,11,464,464,,,19,16,9,/en/players/yuta-shimizu/s0aq/overview,yuta-shimizu,s0aq
2019.03.11,2019,3,11,465,465,,,25,16,11,/en/players/edoardo-eremin/e766/overview,edoardo-eremin,e766
2019.03.11,2019,3,11,466,466,,,20,16,11,/en/players/louis-wessels/wb25/overview,louis-wessels,wb25
2019.03.11,2019,3,11,467,467,,,24,16,18,/en/players/ronnie-schneider/sr79/overview,ronnie-schneider,sr79
2019.03.11,2019,3,11,468,468,,,35,15,1,/en/players/maximo-gonzalez/g585/overview,maximo-gonzalez,g585
2019.03.11,2019,3,11,469,469,,,19,15,2,/en/players/michael-vrbensky/v0b2/overview,michael-vrbensky,v0b2
2019.03.11,2019,3,11,470,470,,,26,15,5,/en/players/facundo-mena/mj98/overview,facundo-mena,mj98
2019.03.11,2019,3,11,471,471,,,22,15,5,/en/players/altug-celikbilek/ch05/overview,altug-celikbilek,ch05
2019.03.11,2019,3,11,472,472,,,21,15,8,/en/players/orlando-luz/lf26/overview,orlando-luz,lf26
2019.03.11,2019,3,11,473,473,,,23,15,10,/en/players/tom-fawcett/f974/overview,tom-fawcett,f974
2019.03.11,2019,3,11,474,474,,,27,15,11,/en/players/alejandro-gomez/gb42/overview,alejandro-gomez,gb42
2019.03.11,2019,3,11,475,475,,,31,15,14,/en/players/peter-torebko/t911/overview,peter-torebko,t911
2019.03.11,2019,3,11,476,476,,,21,14,4,/en/players/manuel-pena-lopez/pj32/overview,manuel-pena-lopez,pj32
2019.03.11,2019,3,11,477,477,,,27,14,4,/en/players/riccardo-bellotti/bh76/overview,riccardo-bellotti,bh76
2019.03.11,2019,3,11,478,478,,,23,14,10,/en/players/manuel-guinard/gh33/overview,manuel-guinard,gh33
2019.03.11,2019,3,11,479,479,,,25,14,17,/en/players/hernan-casanova/cg07/overview,hernan-casanova,cg07
2019.03.11,2019,3,11,480,480,,,25,13,3,/en/players/robin-kern/kb43/overview,robin-kern,kb43
2019.03.11,2019,3,11,481T,481,,,28,13,4,/en/players/alexandar-lazov/l950/overview,alexandar-lazov,l950
2019.03.11,2019,3,11,481T,481,,,25,13,4,/en/players/felipe-mantilla/mj88/overview,felipe-mantilla,mj88
2019.03.11,2019,3,11,483,483,,,24,13,5,/en/players/colin-sinclair/sq79/overview,colin-sinclair,sq79
2019.03.11,2019,3,11,484,484,,,35,13,6,/en/players/frederik-nielsen/n390/overview,frederik-nielsen,n390
2019.03.11,2019,3,11,485,485,,,25,13,9,/en/players/karue-sell/sm88/overview,karue-sell,sm88
2019.03.11,2019,3,11,486,486,,,27,13,10,/en/players/karim-mohamed-maamoun-/mj70/overview,karim-mohamed-maamoun-,mj70
2019.03.11,2019,3,11,487,487,,,19,13,13,/en/players/francesco-forti/f0a4/overview,francesco-forti,f0a4
2019.03.11,2019,3,11,488,488,,,21,12,4,/en/players/alexandar-lazarov/li39/overview,alexandar-lazarov,li39
2019.03.11,2019,3,11,489,489,,,28,12,6,/en/players/austin-krajicek/ka00/overview,austin-krajicek,ka00
2019.03.11,2019,3,11,490,490,,,23,12,10,/en/players/wishaya-trongcharoenchaikul/tb70/overview,wishaya-trongcharoenchaikul,tb70
2019.03.11,2019,3,11,491,491,,,20,12,11,/en/players/jacopo-berrettini/bu10/overview,jacopo-berrettini,bu10
2019.03.11,2019,3,11,492,492,,,24,12,11,/en/players/thomas-fancutt/fa50/overview,thomas-fancutt,fa50
2019.03.11,2019,3,11,493,493,,,24,12,13,/en/players/evan-hoyt/hb89/overview,evan-hoyt,hb89
2019.03.11,2019,3,11,494,494,,,26,12,16,/en/players/pavel-krainik/kb12/overview,pavel-krainik,kb12
2019.03.11,2019,3,11,495,495,,,20,12,17,/en/players/riccardo-balzerani/bv17/overview,riccardo-balzerani,bv17
2019.03.11,2019,3,11,496,496,,,20,11,5,/en/players/brandon-holt/h09p/overview,brandon-holt,h09p
2019.03.11,2019,3,11,497T,497,,,29,11,5,/en/players/ruan-roelofse/ra24/overview,ruan-roelofse,ra24
2019.03.11,2019,3,11,497T,497,,,31,11,5,/en/players/marc-sieber/sh37/overview,marc-sieber,sh37
2019.03.11,2019,3,11,499,499,,,35,11,6,/en/players/ti-chen/c813/overview,ti-chen,c813
2019.03.11,2019,3,11,500,500,,,25,11,6,/en/players/pietro-rondoni/rb73/overview,pietro-rondoni,rb73
2019.03.11,2019,3,11,501,501,,,23,11,7,/en/players/botic-van-de-zandschulp/v812/overview,botic-van-de-zandschulp,v812
2019.03.11,2019,3,11,502,502,,,21,11,9,/en/players/jules-okala/o635/overview,jules-okala,o635
2019.03.11,2019,3,11,503,503,,,20,11,11,/en/players/geoffrey-blancaneaux/bu54/overview,geoffrey-blancaneaux,bu54
2019.03.11,2019,3,11,504,504,,,20,11,13,/en/players/giovanni-fonio/fc49/overview,giovanni-fonio,fc49
2019.03.11,2019,3,11,505,505,,,20,11,13,/en/players/matteo-martineau/mw76/overview,matteo-martineau,mw76
2019.03.11,2019,3,11,506,506,,,30,10,6,/en/players/alexandr-dolgopolov/d801/overview,alexandr-dolgopolov,d801
2019.03.11,2019,3,11,507T,507,,,21,10,2,/en/players/kirill-kivattsev/ki71/overview,kirill-kivattsev,ki71
2019.03.11,2019,3,11,507T,507,,,19,10,2,/en/players/ryan-nijboer/n0b4/overview,ryan-nijboer,n0b4
2019.03.11,2019,3,11,509,509,,,24,10,4,/en/players/lucas-gerch/gf23/overview,lucas-gerch,gf23
2019.03.11,2019,3,11,510T,510,,,21,10,6,/en/players/luca-giacomini/gk24/overview,luca-giacomini,gk24
2019.03.11,2019,3,11,510T,510,,,21,10,6,/en/players/ben-patael/fb18/overview,ben-patael,fb18
2019.03.11,2019,3,11,510T,510,,,25,10,6,/en/players/andrew-whittington/w630/overview,andrew-whittington,w630
2019.03.11,2019,3,11,513,513,,,28,10,7,/en/players/cheong-eui-kim/k863/overview,cheong-eui-kim,k863
2019.03.11,2019,3,11,514,514,,,25,10,8,/en/players/sidharth-rawat/rb86/overview,sidharth-rawat,rb86
2019.03.11,2019,3,11,515,515,,,20,10,9,/en/players/lukas-klein/ki63/overview,lukas-klein,ki63
2019.03.11,2019,3,11,516,516,,,23,10,10,/en/players/lucas-gomez/gc87/overview,lucas-gomez,gc87
2019.03.11,2019,3,11,517,517,,,29,10,10,/en/players/germain-gigounon/gb13/overview,germain-gigounon,gb13
2019.03.11,2019,3,11,518,518,,,24,10,12,/en/players/pol-toledo-bague/tc09/overview,pol-toledo-bague,tc09
2019.03.11,2019,3,11,519,519,,,18,10,15,/en/players/sebastian-korda/k0ah/overview,sebastian-korda,k0ah
2019.03.11,2019,3,11,520,520,,,25,9,5,/en/players/gonzalo-lama/lb07/overview,gonzalo-lama,lb07
2019.03.11,2019,3,11,521,521,,,28,9,6,/en/players/daniel-nguyen/n555/overview,daniel-nguyen,n555
2019.03.11,2019,3,11,522,522,,,24,9,8,/en/players/david-perez-sanz/pf36/overview,david-perez-sanz,pf36
2019.03.11,2019,3,11,523,523,,,22,9,9,/en/players/nicolas-alvarez/ac58/overview,nicolas-alvarez,ac58
2019.03.11,2019,3,11,524,524,,,25,9,13,/en/players/yecong-he/hb59/overview,yecong-he,hb59
2019.03.11,2019,3,11,525,525,,,28,9,13,/en/players/marco-bortolotti/bh08/overview,marco-bortolotti,bh08
2019.03.11,2019,3,11,526,526,,,22,8,2,/en/players/andrej-glvac/g09d/overview,andrej-glvac,g09d
2019.03.11,2019,3,11,527T,527,,,19,8,3,/en/players/daniel-michalski/m0e1/overview,daniel-michalski,m0e1
2019.03.11,2019,3,11,527T,527,,,17,8,3,/en/players/brandon-nakashima/n0ae/overview,brandon-nakashima,n0ae
2019.03.11,2019,3,11,527T,527,,,31,8,3,/en/players/artem-smirnov/sh77/overview,artem-smirnov,sh77
2019.03.11,2019,3,11,530T,530,,,32,8,4,/en/players/farrukh-dustov/d551/overview,farrukh-dustov,d551
2019.03.11,2019,3,11,530T,530,,,35,8,4,/en/players/yen-hsun-lu/l575/overview,yen-hsun-lu,l575
2019.03.11,2019,3,11,532,532,,,25,8,5,/en/players/pawel-cias/cf60/overview,pawel-cias,cf60
2019.03.11,2019,3,11,533,533,,,26,8,5,/en/players/pavel-nejedly/n824/overview,pavel-nejedly,n824
2019.03.11,2019,3,11,534,534,,,27,8,6,/en/players/tigre-hank/h917/overview,tigre-hank,h917
2019.03.11,2019,3,11,535,535,,,21,8,7,/en/players/seong-chan-hong/hc21/overview,seong-chan-hong,hc21
2019.03.11,2019,3,11,536T,536,,,20,8,8,/en/players/sam-riffice/r0a5/overview,sam-riffice,r0a5
2019.03.11,2019,3,11,536T,536,,,28,8,8,/en/players/nicolaas-scholtz/sk41/overview,nicolaas-scholtz,sk41
2019.03.11,2019,3,11,538,538,,,21,8,8,/en/players/alejandro-tabilo/te30/overview,alejandro-tabilo,te30
2019.03.11,2019,3,11,539,539,,,21,8,9,/en/players/evgenii-tiurnev/td47/overview,evgenii-tiurnev,td47
2019.03.11,2019,3,11,540,540,,,24,8,9,/en/players/sem-verbeek/v09l/overview,sem-verbeek,v09l
2019.03.11,2019,3,11,541,541,,,34,8,10,/en/players/konstantin-kravchuk/k776/overview,konstantin-kravchuk,k776
2019.03.11,2019,3,11,542,542,,,24,8,13,/en/players/xin-gao/g820/overview,xin-gao,g820
2019.03.11,2019,3,11,543,543,,,29,7,3,/en/players/nicolas-meister/mg84/overview,nicolas-meister,mg84
2019.03.11,2019,3,11,544,544,,,25,7,4,/en/players/tomas-lipovsek-puches/lc58/overview,tomas-lipovsek-puches,lc58
2019.03.11,2019,3,11,545T,545,,,20,7,5,/en/players/artem-dubrivnyy/dg97/overview,artem-dubrivnyy,dg97
2019.03.11,2019,3,11,545T,545,,,20,7,5,/en/players/john-mcnally/mw84/overview,john-mcnally,mw84
2019.03.11,2019,3,11,547,547,,,20,7,6,/en/players/patrik-rikl/rh13/overview,patrik-rikl,rh13
2019.03.11,2019,3,11,548T,548,,,26,7,7,/en/players/benjamin-lock/lc54/overview,benjamin-lock,lc54
2019.03.11,2019,3,11,548T,548,,,,7,7,/en/players/christian-seraphim/s09l/overview,christian-seraphim,s09l
2019.03.11,2019,3,11,550,550,,,19,7,8,/en/players/benjamin-sigouin/sx96/overview,benjamin-sigouin,sx96
2019.03.11,2019,3,11,551T,551,,,23,7,9,/en/players/gerardo-lopez-villasenor/lg87/overview,gerardo-lopez-villasenor,lg87
2019.03.11,2019,3,11,551T,551,,,21,7,9,/en/players/felipe-meligeni-rodrigues-alves/mw75/overview,felipe-meligeni-rodrigues-alves,mw75
2019.03.11,2019,3,11,553T,553,,,24,7,10,/en/players/jeremy-beale/bu34/overview,jeremy-beale,bu34
2019.03.11,2019,3,11,553T,553,,,25,7,10,/en/players/samuel-monette/mm10/overview,samuel-monette,mm10
2019.03.11,2019,3,11,555,555,,,22,7,13,/en/players/lucas-catarina/cn78/overview,lucas-catarina,cn78
2019.03.11,2019,3,11,556,556,,,33,7,14,/en/players/fred-gil/g717/overview,fred-gil,g717
2019.03.11,2019,3,11,557,557,,,20,6,5,/en/players/ergi-kirkin/ki48/overview,ergi-kirkin,ki48
2019.03.11,2019,3,11,558,558,,,17,6,5,/en/players/jack-draper/d0co/overview,jack-draper,d0co
2019.03.11,2019,3,11,559,559,,,26,6,5,/en/players/agustin-velotti/v620/overview,agustin-velotti,v620
2019.03.11,2019,3,11,560,560,,,18,6,6,/en/players/marko-miladinovic/m0cg/overview,marko-miladinovic,m0cg
2019.03.11,2019,3,11,561,561,,,29,6,6,/en/players/francesco-vilardo/v656/overview,francesco-vilardo,v656
2019.03.11,2019,3,11,562,562,,,29,6,7,/en/players/remi-boutillier/bm43/overview,remi-boutillier,bm43
2019.03.11,2019,3,11,563,563,,,22,6,8,/en/players/fajing-sun/sx90/overview,fajing-sun,sx90
2019.03.11,2019,3,11,564,564,,,21,6,8,/en/players/nicolae-frunza/f952/overview,nicolae-frunza,f952
2019.03.11,2019,3,11,565,565,,,24,6,9,/en/players/gonzalo-villanueva/v821/overview,gonzalo-villanueva,v821
2019.03.11,2019,3,11,566,566,,,19,6,11,/en/players/jakub-paul/p0d0/overview,jakub-paul,p0d0
2019.03.11,2019,3,11,567T,567,,,24,6,11,/en/players/sanjar-fayziev/f786/overview,sanjar-fayziev,f786
2019.03.11,2019,3,11,567T,567,,,27,6,11,/en/players/alexander-zhurbin/z301/overview,alexander-zhurbin,z301
2019.03.11,2019,3,11,569,569,,,25,6,12,/en/players/luis-pati%c3%b1o/pe42/overview,luis-pati%c3%b1o,pe42
2019.03.11,2019,3,11,570,570,,,25,6,12,/en/players/joao-pedro-sorgi/sk69/overview,joao-pedro-sorgi,sk69
2019.03.11,2019,3,11,571,571,,,21,6,13,/en/players/aziz-dougaz/df88/overview,aziz-dougaz,df88
2019.03.11,2019,3,11,572T,572,,,27,5,1,/en/players/marko-djokovic/d893/overview,marko-djokovic,d893
2019.03.11,2019,3,11,572T,572,,,29,5,1,/en/players/luis-david-martinez/mf70/overview,luis-david-martinez,mf70
2019.03.11,2019,3,11,572T,572,,,31,5,1,/en/players/vishnu-vardhan/v505/overview,vishnu-vardhan,v505
2019.03.11,2019,3,11,575,575,,,18,5,2,/en/players/facundo-diaz-acosta/d0cg/overview,facundo-diaz-acosta,d0cg
2019.03.11,2019,3,11,576T,576,,,29,5,3,/en/players/inigo-cervantes/ca33/overview,inigo-cervantes,ca33
2019.03.11,2019,3,11,576T,576,,,28,5,3,/en/players/sander-gille/gd32/overview,sander-gille,gd32
2019.03.11,2019,3,11,578T,578,,,25,5,5,/en/players/vladyslav-manafov/mm54/overview,vladyslav-manafov,mm54
2019.03.11,2019,3,11,578T,578,,,23,5,5,/en/players/pablo-vivero-gonzalez/v886/overview,pablo-vivero-gonzalez,v886
2019.03.11,2019,3,11,580,580,,,27,5,5,/en/players/sandro-ehrat/e780/overview,sandro-ehrat,e780
2019.03.11,2019,3,11,581T,581,,,30,5,6,/en/players/daniel-dutra-da-silva/sg56/overview,daniel-dutra-da-silva,sg56
2019.03.11,2019,3,11,581T,581,,,18,5,6,/en/players/sergey-fomin/f0a3/overview,sergey-fomin,f0a3
2019.03.11,2019,3,11,581T,581,,,24,5,6,/en/players/juan-ignacio-galarza/gd91/overview,juan-ignacio-galarza,gd91
2019.03.11,2019,3,11,581T,581,,,31,5,6,/en/players/laurent-rochette/r822/overview,laurent-rochette,r822
2019.03.11,2019,3,11,581T,581,,,19,5,6,/en/players/manish-sureshkumar/sy74/overview,manish-sureshkumar,sy74
2019.03.11,2019,3,11,586,586,,,24,5,7,/en/players/or-ram-harel/rc24/overview,or-ram-harel,rc24
2019.03.11,2019,3,11,587,587,,,26,5,9,/en/players/moez-echargui/ea13/overview,moez-echargui,ea13
2019.03.11,2019,3,11,588,588,,,25,5,12,/en/players/christopher-heyman/hb67/overview,christopher-heyman,hb67
2019.03.11,2019,3,11,589,589,,,21,5,17,/en/players/alberto-romero-de-avila-senise/rf12/overview,alberto-romero-de-avila-senise,rf12
2019.03.11,2019,3,11,590,590,,,24,4,2,/en/players/niels-lootsma/le38/overview,niels-lootsma,le38
2019.03.11,2019,3,11,591,591,,,22,4,6,/en/players/patrik-niklas-salminen/n754/overview,patrik-niklas-salminen,n754
2019.03.11,2019,3,11,592T,592,,,26,4,8,/en/players/peter-heller/ha33/overview,peter-heller,ha33
2019.03.11,2019,3,11,592T,592,,,23,4,8,/en/players/skander-mansouri/ml73/overview,skander-mansouri,ml73
2019.03.11,2019,3,11,594,594,,,31,4,10,/en/players/michael-look/l837/overview,michael-look,l837
2019.03.11,2019,3,11,595,595,,,21,4,11,/en/players/alvaro-lopez-san-martin/lf29/overview,alvaro-lopez-san-martin,lf29
2019.03.11,2019,3,11,596,596,,,25,4,13,/en/players/danylo-kalenichenko/ke05/overview,danylo-kalenichenko,ke05
2019.03.11,2019,3,11,597T,597,,,19,3,2,/en/players/oliver-crawford/c0ak/overview,oliver-crawford,c0ak
2019.03.11,2019,3,11,597T,597,,,20,3,2,/en/players/masamichi-imamura/i426/overview,masamichi-imamura,i426
2019.03.11,2019,3,11,597T,597,,,24,3,2,/en/players/christopher-o'connell/o483/overview,christopher-o'connell,o483
2019.03.11,2019,3,11,597T,597,,,32,3,2,/en/players/n-vijay-sundar-prashanth/pa97/overview,n-vijay-sundar-prashanth,pa97
2019.03.11,2019,3,11,597T,597,,,25,3,2,/en/players/nik-razborsek/rb89/overview,nik-razborsek,rb89
2019.03.11,2019,3,11,597T,597,,,23,3,2,/en/players/pol-wattanakul/w723/overview,pol-wattanakul,w723
2019.03.11,2019,3,11,603T,603,,,24,3,3,/en/players/jonathan-kanar/kd71/overview,jonathan-kanar,kd71
2019.03.11,2019,3,11,603T,603,,,,3,3,/en/players/keenan-mayo/m0da/overview,keenan-mayo,m0da
2019.03.11,2019,3,11,603T,603,,,22,3,3,/en/players/david-poljak/ph77/overview,david-poljak,ph77
2019.03.11,2019,3,11,603T,603,,,18,3,3,/en/players/joao-lucas-reis-da-silva/r0a7/overview,joao-lucas-reis-da-silva,r0a7
2019.03.11,2019,3,11,607T,607,,,20,3,4,/en/players/daniel-altmaier/ae14/overview,daniel-altmaier,ae14
2019.03.11,2019,3,11,607T,607,,,21,3,4,/en/players/alexander-erler/e928/overview,alexander-erler,e928
2019.03.11,2019,3,11,607T,607,,,24,3,4,/en/players/michael-geerts/gg65/overview,michael-geerts,gg65
2019.03.11,2019,3,11,607T,607,,,19,3,4,/en/players/shinji-hazawa/h0ba/overview,shinji-hazawa,h0ba
2019.03.11,2019,3,11,607T,607,,,18,3,4,/en/players/govind-nanda/n0al/overview,govind-nanda,n0al
2019.03.11,2019,3,11,607T,607,,,35,3,4,/en/players/michal-przysiezny/p701/overview,michal-przysiezny,p701
2019.03.11,2019,3,11,607T,607,,,24,3,4,/en/players/takashi-saito/sr78/overview,takashi-saito,sr78
2019.03.11,2019,3,11,607T,607,,,24,3,4,/en/players/david-vega-hernandez/v758/overview,david-vega-hernandez,v758
2019.03.11,2019,3,11,615T,615,,,23,3,5,/en/players/peter-bothwell/bp29/overview,peter-bothwell,bp29
2019.03.11,2019,3,11,615T,615,,,19,3,5,/en/players/axel-geller/g0ab/overview,axel-geller,g0ab
2019.03.11,2019,3,11,615T,615,,,23,3,5,/en/players/niki-kaliyanda-poonacha/kh77/overview,niki-kaliyanda-poonacha,kh77
2019.03.11,2019,3,11,615T,615,,,21,3,5,/en/players/yuki-mochizuki/m0b2/overview,yuki-mochizuki,m0b2
2019.03.11,2019,3,11,615T,615,,,24,3,5,/en/players/martins-podzus/pg04/overview,martins-podzus,pg04
2019.03.11,2019,3,11,620T,620,,,22,3,6,/en/players/guy-orly-iradukunda/i327/overview,guy-orly-iradukunda,i327
2019.03.11,2019,3,11,620T,620,,,22,3,6,/en/players/dmitry-popko/pg20/overview,dmitry-popko,pg20
2019.03.11,2019,3,11,622T,622,,,23,3,7,/en/players/antonio-massara/ml48/overview,antonio-massara,ml48
2019.03.11,2019,3,11,622T,622,,,25,3,7,/en/players/ricardo-rodriguez---pace/rb00/overview,ricardo-rodriguez---pace,rb00
2019.03.11,2019,3,11,624,624,,,24,3,8,/en/players/laurent-lokoli/lc12/overview,laurent-lokoli,lc12
2019.03.11,2019,3,11,625T,625,,,23,3,9,/en/players/bogdan-ionut-apostol/ab90/overview,bogdan-ionut-apostol,ab90
2019.03.11,2019,3,11,625T,625,,,30,3,9,/en/players/lorenzo-frigerio/f774/overview,lorenzo-frigerio,f774
2019.03.11,2019,3,11,625T,625,,,24,3,9,/en/players/alexander-ritschard/rc04/overview,alexander-ritschard,rc04
2019.03.11,2019,3,11,628T,628,,,24,3,10,/en/players/james-frawley/fc03/overview,james-frawley,fc03
2019.03.11,2019,3,11,628T,628,,,19,3,10,/en/players/yu-hsiou-hsu/h09f/overview,yu-hsiou-hsu,h09f
2019.03.11,2019,3,11,628T,628,,,19,3,10,/en/players/matthew-christopher-romios/rh69/overview,matthew-christopher-romios,rh69
2019.03.11,2019,3,11,628T,628,,,34,3,10,/en/players/walter-trusendi/t868/overview,walter-trusendi,t868
2019.03.11,2019,3,11,632T,632,,,19,3,11,/en/players/trent-bryde/b09a/overview,trent-bryde,b09a
2019.03.11,2019,3,11,632T,632,,,26,3,11,/en/players/nick-chappell/cf10/overview,nick-chappell,cf10
2019.03.11,2019,3,11,634,634,,,25,3,12,/en/players/maxime-chazal/cd00/overview,maxime-chazal,cd00
2019.03.11,2019,3,11,635T,635,,,27,3,13,/en/players/marc-giner/gb71/overview,marc-giner,gb71
2019.03.11,2019,3,11,635T,635,,,22,3,13,/en/players/lenny-hampel/hc99/overview,lenny-hampel,hc99
2019.03.11,2019,3,11,637T,637,,,24,3,15,/en/players/eduard-esteve-lobato/e830/overview,eduard-esteve-lobato,e830
2019.03.11,2019,3,11,637T,637,,,20,3,15,/en/players/evan-zhu/z09k/overview,evan-zhu,z09k
2019.03.11,2019,3,11,639,639,,,25,3,17,/en/players/bruno-santanna/sn44/overview,bruno-santanna,sn44
2019.03.11,2019,3,11,640,640,,,21,2,10,/en/players/tiago-cacao/cn88/overview,tiago-cacao,cn88
2019.03.11,2019,3,11,641T,641,,,21,1,2,/en/players/stefano-baldoni/bm08/overview,stefano-baldoni,bm08
2019.03.11,2019,3,11,641T,641,,,22,1,2,/en/players/nuno-borges/bt72/overview,nuno-borges,bt72
2019.03.11,2019,3,11,641T,641,,,23,1,2,/en/players/william-griffith/gh46/overview,william-griffith,gh46
2019.03.11,2019,3,11,641T,641,,,19,1,2,/en/players/nikolas-sanchez-izquierdo/s0gz/overview,nikolas-sanchez-izquierdo,s0gz
2019.03.11,2019,3,11,645T,645,,,19,1,3,/en/players/tomas-martin-etcheverry/ea24/overview,tomas-martin-etcheverry,ea24
2019.03.11,2019,3,11,645T,645,,,28,1,3,/en/players/peter-kobelt/kc51/overview,peter-kobelt,kc51
2019.03.11,2019,3,11,645T,645,,,20,1,3,/en/players/genaro-alberto-olivieri/o660/overview,genaro-alberto-olivieri,o660
2019.03.11,2019,3,11,645T,645,,,19,1,3,/en/players/tadeas-paroulek/p0bm/overview,tadeas-paroulek,p0bm
2019.03.11,2019,3,11,645T,645,,,28,1,3,/en/players/min-kyu-song/sn70/overview,min-kyu-song,sn70
2019.03.11,2019,3,11,645T,645,,,21,1,3,/en/players/matej-vocel/va22/overview,matej-vocel,va22
2019.03.11,2019,3,11,651T,651,,,24,1,4,/en/players/adrian-bodmer/bk12/overview,adrian-bodmer,bk12
2019.03.11,2019,3,11,651T,651,,,20,1,4,/en/players/rio-noguchi/n09u/overview,rio-noguchi,n09u
2019.03.11,2019,3,11,651T,651,,,26,1,4,/en/players/yaraslav-shyla/sk97/overview,yaraslav-shyla,sk97
2019.03.11,2019,3,11,651T,651,,,21,1,4,/en/players/ryan-james-storrie/sy31/overview,ryan-james-storrie,sy31
2019.03.11,2019,3,11,651T,651,,,25,1,4,/en/players/jeroen-vanneste/v762/overview,jeroen-vanneste,v762
2019.03.11,2019,3,11,656T,656,,,22,1,5,/en/players/deiton-baughman/bm19/overview,deiton-baughman,bm19
2019.03.11,2019,3,11,656T,656,,,23,1,5,/en/players/linus-frost/f0as/overview,linus-frost,f0as
2019.03.11,2019,3,11,656T,656,,,21,1,5,/en/players/sora-fukuda/f965/overview,sora-fukuda,f965
2019.03.11,2019,3,11,656T,656,,,24,1,5,/en/players/suraj-r-prabodh/ph19/overview,suraj-r-prabodh,ph19
2019.03.11,2019,3,11,660T,660,,,21,1,6,/en/players/jordan-correia/cn08/overview,jordan-correia,cn08
2019.03.11,2019,3,11,660T,660,,,22,1,6,/en/players/stephan-gerritsen/gj57/overview,stephan-gerritsen,gj57
2019.03.11,2019,3,11,662T,662,,,18,1,7,/en/players/jaimee-floyd-angele/a0b6/overview,jaimee-floyd-angele,a0b6
2019.03.11,2019,3,11,662T,662,,,21,1,7,/en/players/jie-cui/c0aj/overview,jie-cui,c0aj
2019.03.11,2019,3,11,664T,664,,,20,1,8,/en/players/hong-kit-wong/wb15/overview,hong-kit-wong,wb15
2019.03.11,2019,3,11,664T,664,,,26,1,8,/en/players/michael-zhu/z350/overview,michael-zhu,z350
2019.03.11,2019,3,11,666T,666,,,24,1,9,/en/players/jack-findel-hawkins/f871/overview,jack-findel-hawkins,f871
2019.03.11,2019,3,11,666T,666,,,25,1,9,/en/players/shintaro-imai/i330/overview,shintaro-imai,i330
2019.03.11,2019,3,11,666T,666,,,25,1,9,/en/players/pascal-meis/mi74/overview,pascal-meis,mi74
2019.03.11,2019,3,11,666T,666,,,21,1,9,/en/players/johan-nikles/n830/overview,johan-nikles,n830
2019.03.11,2019,3,11,666T,666,,,28,1,9,/en/players/jose-pereira/pc09/overview,jose-pereira,pc09
2019.03.11,2019,3,11,666T,666,,,23,1,9,/en/players/jaume-pla-malfeito/pg13/overview,jaume-pla-malfeito,pg13
2019.03.11,2019,3,11,672,672,,,22,1,10,/en/players/andrew-watson/wb14/overview,andrew-watson,wb14
2019.03.11,2019,3,11,673,673,,,25,1,11,/en/players/oscar-jose-gutierrez/gc17/overview,oscar-jose-gutierrez,gc17
2019.03.11,2019,3,11,674T,674,,,25,1,12,/en/players/sebastien-boltz/bj37/overview,sebastien-boltz,bj37
2019.03.11,2019,3,11,674T,674,,,27,1,12,/en/players/hiroyasu-ehara/e757/overview,hiroyasu-ehara,e757
2019.03.11,2019,3,11,674T,674,,,23,1,12,/en/players/paul-oosterbaan/o564/overview,paul-oosterbaan,o564
2019.03.11,2019,3,11,674T,674,,,28,1,12,/en/players/alessandro-petrone/pc63/overview,alessandro-petrone,pc63
2019.03.11,2019,3,11,674T,674,,,22,1,12,/en/players/omar-salman/ss61/overview,omar-salman,ss61
2019.03.11,2019,3,11,679,679,,,23,1,13,/en/players/strong-kirchheimer/kg27/overview,strong-kirchheimer,kg27
2019.03.11,2019,3,11,680,680,,,22,1,14,/en/players/felix-corwin/cn15/overview,felix-corwin,cn15
2019.03.11,2019,3,11,681T,681,,,22,1,15,/en/players/jordi-arconada/ad49/overview,jordi-arconada,ad49
2019.03.11,2019,3,11,681T,681,,,23,1,15,/en/players/ryan-peniston/ph78/overview,ryan-peniston,ph78
